Remove,,,,
These,,,,
Rows,,,,
,,,,
longitude,latitude,shopname,location,accuracy
-112.1347187,33.86405429,Starbucks - AZ - Anthem  00106,"Safeway-Anthem #1726_3655 W Anthem Way_Anthem, Arizona 85086",465
-112.1344948,33.86381987,Starbucks - AZ - Anthem [WD]  00107,"Anthem & I-17, Anthem_3640 W. Anthem Way_Anthem, Arizona 850860416_623-551-5407",465
-111.57396,33.415339,Starbucks - AZ - Apache Junction [WD]  00108,"Apache Trail & Delaware, Apache Jun_2580 W. Apache Trail_Apache Junction, Arizona 852205205_480-982-2346",465
-112.287081,33.493493,Starbucks - AZ - Avondale [WD]  00109,"Indian School & 107 Ave, Avondale_10585 W. Indian School Rd_Avondale, Arizona 85323_623-872-1602",465
-112.3050986,33.43536059,Starbucks - AZ - Avondale [W]  00110,"115th Ave. & Buckeye, Avondale_11435 W. Buckeye Road_Avondale, Arizona 853236812_623-936-0591",465
-112.2753599,33.46464844,Starbucks - AZ - Avondale [W]  00111,"Mc Dowell & 99th, Avondale_10030 W.  McDowell Road, Suite 160_Avondale, Arizona 853234858_623-907-0917",465
-114.5864543,35.12158199,Starbucks - AZ - Bullhead City  00112,"Safeway-Bullhead City #248_1751 Highway 95_Bullhead City, Arizona 86442",465
-111.8655,34.5658,Starbucks - AZ - Camp Verde [WD]  00113,"I-17 & Hwy 260, Camp Verde_1620 W. Highway 260_Camp Verde, Arizona 863225203_928-567-0274",465
-111.740086,32.89571681,Starbucks - AZ - Casa Grande  00114,"Safeway-Casa Grande #1706_1637 N Trekel Rd_Casa Grande, Arizona 85222",465
-111.806444,33.21903128,Starbucks - AZ - Chandler  00115,"Albertsons-Chandler #1021_2935 E Riggs Road_Chandler, Arizona 85249",465
-111.9124763,33.31998926,Starbucks - AZ - Chandler  00116,"Albertsons-Chandler #997_4060 West Ray Rd_Chandler, Arizona 85226",465
-111.789399,33.234573,Starbucks - AZ - Chandler  00117,"Bashas' - Chandler #161_4940 S Gilbert Rd_Chandler, Arizona 85249",465
-111.8228735,33.32087638,Starbucks - AZ - Chandler  00118,"Safeway-Chandler #1605_1060 E Ray Rd_Chandler, Arizona 85225_480-855-5005",465
-111.9015716,33.30567804,Starbucks - AZ - Chandler  00119,"The Great Indoors-Chandler_3460 W. Chandler Blvd_Chandler, Arizona 85244",465
-111.8585749,33.23378805,Starbucks - AZ - Chandler  00120,"Safeway-Chandler #1566_4970 S Alma School Rd_Chandler, Arizona 85248",465
-111.84192,33.30353,Starbucks - AZ - Chandler  00121,"San Marcos Resorts and Conference_One San Marcos Place_Chandler, Arizona 85225",465
-111.84123,33.28584,Starbucks - AZ - Chandler [WD]  00122,"Arizona Ave & Loop 202, Chandler_1395 S. Arizona Avenue_Chandler, Arizona 85248_480-857-2410",465
-111.9118504,33.31999187,Starbucks - AZ - Chandler [WD]  00123,"McClintock & Ray, Chandler_4030 W. Ray Road_Chandler, Arizona 85226_480-752-8522",465
-111.9684795,33.31760813,Starbucks - AZ - Chandler [W]  00124,"54th St. & Ray Rd., Chandler_885 N. 54th Street_Chandler, Arizona 852261528_480-496-0147",465
-111.9482622,33.30531037,Starbucks - AZ - Chandler [W]  00125,"Chandler & Kyrene, Chandler_6140 West Chandler Blvd_Chandler, Arizona 85226_480-893-1923",465
-111.8964975,33.30569847,Starbucks - AZ - Chandler [W]  00126,"Chandler & Price Road, Phoenix_3161 W Chandler Blvd_Chandler, Arizona 852265063_480-917-1963",465
-111.858732,33.34972709,Starbucks - AZ - Chandler [W]  00127,"Alma School & Elliot Rd, Chandler_985 West Elliot Road_Chandler, Arizona 852251883_480-963-1335",465
-111.8746327,33.3060856,Starbucks - AZ - Chandler [W]  00128,"Dobson & Chandler_1900 W. Chandler Blvd._Chandler, Arizona 85224_480-857-7233",465
-111.8764317,33.33595832,Starbucks - AZ - Chandler [W]  00129,"Dobson & Warner, Chandler_2050 N. Dobson Road, Suite 5_Chandler, Arizona 852242293_480-782-9307",465
-111.8600981,33.26181573,Starbucks - AZ - Chandler [W]  00130,"Queen Creek & Alma School, Chandler_1085 W Queen Creek Rd_Chandler, Arizona 85248_480-899-9295",465
-112.4521866,34.78282547,Starbucks - AZ - Chino Valley  00131,"Safeway-Chino Valley #1747_1031 N US Hwy 89_Chino Valley, Arizona 86323",465
-112.0089493,34.72846222,Starbucks - AZ - Cottonwood  00132,"Safeway-Cottonwood #2052_1635 Cottonwood St_Cottonwood, Arizona 86326",465
-111.6638424,35.18716021,Starbucks - AZ - Flagstaff  00133,"Safeway - Flagstaff #2028_1201 S Plaza Way_Flagstaff, Arizona 86001_520-779-3401",465
-111.6613874,35.18429883,Starbucks - AZ - Flagstaff  00134,"Target Flagstaff T-935_1650 S Milton Rd_Flagstaff, Arizona 86001",465
-111.631,35.216557,Starbucks - AZ - Flagstaff  00135,"Safeway - Flagstaff #1225_1500 East Cedar Ave_Flagstaff, Arizona 86004",465
-111.7398,35.3625,Starbucks - AZ - Flagstaff  00136,"Safeway-Flagstaff #270_4910 N US-89_Flagstaff, Arizona 86001",465
-111.661499,35.188047,Starbucks - AZ - Flagstaff [WD]  00137,"1307 S. Milton Rd., Flagstaff_1307 S. Milton Road_Flagstaff, Arizona 860016384_928-774-0602",465
-111.63142,35.194549,Starbucks - AZ - Flagstaff [W]  00138,"Highway 66 & Switzer Canyon, Flagst_1426 E. Route 66_Flagstaff, Arizona 86001_928-214-6461",465
-114.597999,35.016058,Starbucks - AZ - Fort Mohave  00139,"Safeway - Fort Mohave #1474_4823 S Hwy 95_Fort Mohave, Arizona 86426",465
-111.7299795,33.60857565,Starbucks - AZ - Fountain Hills  00140,"Safeway - Fountain Hills #1291_13733 Fountain Hills Blvd_Fountain Hills, Arizona 85268_480-837-0287",465
-111.7249286,33.61019636,Starbucks - AZ - Fountain Hills [W]  00141,"Fountain Hills_16425 E. Palisades Blvd._Fountain Hills, Arizona 852683708_480-816-6969",465
-111.718697,33.575834,Starbucks - AZ - Fountain Hills [W]  00142,"Shea & Technology, Fountain Hills_16815 E. Shea Blvd._Fountain Hills, Arizona 852686667_480-837-1486",465
-111.6877649,33.36489156,Starbucks - AZ - Gilbert  00143,"Albertsons-Gilbert #0929_8454 S Power Rd_Gilbert, Arizona 85297",465
-111.7714833,33.3354678,Starbucks - AZ - Gilbert  00144,"Albertsons-Gilbert #1023_861 E Warner_Gilbert, Arizona 85296",465
-111.7897403,33.30648175,Starbucks - AZ - Gilbert  00145,"Super Target Gilbert ST-1960_3931 S. Gilbert Road_Gilbert, Arizona 85296",465
-111.7249218,33.37926425,Starbucks - AZ - Gilbert  00146,"Safeway - Gilbert #1748_5137 E Baseline Rd_Gilbert, Arizona 85234_480-325-5870",465
-111.7557216,33.34905619,Starbucks - AZ - Gilbert  00147,"Safeway-Gilbert #1534_90 S Val Vista Dr_Gilbert, Arizona 85296_480-545-7555",465
-111.8056644,33.32092108,Starbucks - AZ - Gilbert  00148,"Albertsons_3717 W Ray Road_Gilbert, Arizona 85233844",465
-111.7507,33.364,Starbucks - AZ - Gilbert [W]  00149,"Gilbert & Loop 202, Phoenix_3765 S. Gilbert Rd_Gilbert, Arizona 85234_480-899-3867",465
-111.7590113,33.335633,Starbucks - AZ - Gilbert [W]  00150,"Val Vista & Warner, Gilbert_1505 E. Warner Road_Gilbert, Arizona 85296_480-539-1984",465
-111.8095615,33.33537004,Starbucks - AZ - Gilbert [W]  00151,"Warner & Cooper Road_884 W. Warner Road_Gilbert, Arizona 85234_(480) 497-1504",465
-112.166999,33.59640608,Starbucks - AZ - Glendale  00152,"Albertsons-Glendale #941_5040 W. Cactus_Glendale, Arizona 85304_602-843-1871",465
-112.159799,33.610699,Starbucks - AZ - Glendale  00153,"ASU West Campus - Fletcher Library_4701 W. Thunderbird Road_Glendale, Arizona 85069-710",465
-112.3556078,33.53860232,Starbucks - AZ - Glendale  00154,"Main Exchange Mall_7123 N. 138th Ave._Glendale, Arizona 85309_623-536-1219",465
-112.2029872,33.67000491,Starbucks - AZ - Glendale  00155,"Safeway-Glendale #1510_20205 N 67th Ave_Glendale, Arizona 85308",465
-112.2374114,33.65280991,Starbucks - AZ - Glendale [WD]  00156,"101 Freeway & Union Hills Drive_8251 W. Union Hills Drive_Glendale, Arizona 853080502_623-566-9202",465
-112.1436192,33.69838093,Starbucks - AZ - Glendale [W]  00157,"39th & Pinnacle Peak, Phoenix_23425 N. 39th Drive_Glendale, Arizona 85310_623-869-8906",465
-112.1863216,33.65394714,Starbucks - AZ - Glendale [W]  00158,"59th & Union Hills, Glendale_18555 N. 59th Avenue_Glendale, Arizona 85308_602-298-9098",465
-112.1855156,33.61081108,Starbucks - AZ - Glendale [W]  00159,"59th & Thunderbird_5890 W. Thunderbird Rd._Glendale, Arizona 85306_(602) 942-8923",465
-112.2176653,33.63835723,Starbucks - AZ - Glendale [W]  00160,"75th & Bell Ave._7410 West Bell Road_Glendale, Arizona 85345_623-878-1717",465
-112.224434,33.63960715,Starbucks - AZ - Glendale [W]  00161,"Arrowhead Towne Center_7700  Arrowhead Town Center_Glendale, Arizona 85308_(623) 334-8061",465
-112.3753049,33.49345981,Starbucks - AZ - Goodyear  00162,"Safeway-Goodyear #1511_14175 W Indian Sch R_Goodyear, Arizona 85338",465
-112.392599,33.451464,Starbucks - AZ - Goodyear  00163,"Safeway-Goodyear #2618_440 N Estrella Pkwy_Goodyear, Arizona 85338",465
-112.3583262,33.48026748,Starbucks - AZ - Goodyear  00164,"Safeway_390 N Litchfield Rd_Goodyear, Arizona 85338",465
-112.3580189,33.46160901,Starbucks - AZ - Goodyear [W]  00165,"Litchfield & McDowell, Goodyear_1375 North Litchfield Road_Goodyear, Arizona 853381228_623-536-3256",465
-110.9987224,31.85233448,Starbucks - AZ - Green Valley  00166,"Safeway-Green Valley #2044_260 West Continental_Green Valley, Arizona 85614",465
-111.6862971,33.28825881,Starbucks - AZ - Higley [W]  00167,"Power & Loop 202, Gilbert_4972 S. Power Road_Higley, Arizona 85236_480-988-4173",465
-114.0374472,35.23700997,Starbucks - AZ - Kingman  00168,"Safeway-Kingman #1887_3970 Stockton Hill Rd_Kingman, Arizona 86401",465
-114.337554,34.478282,Starbucks - AZ - Lake Havasu City  00169,"Safeway - Lake Havasu City #216_1650 McCulloch_Lake Havasu City, Arizona 86403_520-855-7760",465
-114.342988,34.47318734,Starbucks - AZ - Lake Havasu City [W]  00170,"Swanson & So. Lake Havasu_55 Lake Havasu Avenue South_Lake Havasu City, Arizona 864030938_928-854-5444",465
-109.955309,34.14205054,Starbucks - AZ - Lakeside  00171,"Safeway-Lakeside #2069 (Pinetop)_20 W White Mountain Blvd_Lakeside, Arizona 85929",465
-112.1692939,33.37746449,Starbucks - AZ - Laveen [W]  00172,"Baseline & 51st. Avenue, Laveen_5150 W. Baseline Road_Laveen, Arizona 853392989_602-237-7763",465
-111.239105,32.4409,Starbucks - AZ - Marana  00173,"Bashas Dove Mountain #167_12100 N Dove Mountain Blvd_Marana, Arizona 85653",465
-111.2598,32.4354,Starbucks - AZ - Marana  00174,"Safeway-Marana #1749_9100 North Silver Bell_Marana, Arizona 85653",465
-111.0500991,32.3374794,Starbucks - AZ - Marana [WD]  00175,"Ina & Thornydale, Tucson_3951 W. Ina Road_Marana, Arizona 857412206_520-572-7457",465
-111.6840687,33.46544574,Starbucks - AZ - Mesa  00176,"Albertsons-Mesa #989_2727 N Power Road_Mesa, Arizona 85207_480-396-9282",465
-111.599266,33.378662,Starbucks - AZ - Mesa  00177,"Bashas' Mesa #155_9925 E Baseline Rd_Mesa, Arizona 85208",465
-111.6261939,33.37899985,Starbucks - AZ - Mesa  00178,"Albertsons-Mesa #1002_9243 E Baseline_Mesa, Arizona 85212",465
-111.8051231,33.42328203,Starbucks - AZ - Mesa  00179,"Albertsons-Mesa #993_445 N. Stapley Dr_Mesa, Arizona 85203_480-733-0004",465
-111.6840841,33.45479248,Starbucks - AZ - Mesa  00180,"Safeway-Mesa #2644_2151 N Power Rd_Mesa, Arizona 85215",465
-111.7718998,33.4226701,Starbucks - AZ - Mesa  00181,"Safeway - Mesa #1567_2740 E University Dr_Mesa, Arizona 85213_480-833-8338",465
-111.7532534,33.39379889,Starbucks - AZ - Mesa  00182,"Safeway - Mesa #1637_3622 E Southern Ave_Mesa, Arizona 85206_480-807-0447",465
-111.6870689,33.33250477,Starbucks - AZ - Mesa  00183,"Super Target Gilbert ST-1959_5110 S. Power Road_Mesa, Arizona 85212",465
-111.6375432,33.37909008,Starbucks - AZ - Mesa  00184,"Safeway-Mesa #2676_9101 E Baseline Rd_Mesa, Arizona 85208",465
-111.8747,33.3814,Starbucks - AZ - Mesa West  00185,"Target Mesa T-1429_1230 S. Longmore Ave_Mesa West, Arizona 85202",465
-111.6361908,33.37831827,Starbucks - AZ - Mesa [WD]  00186,"Ellsworth & Baseline, Mesa_2043 S. Ellsworth Road_Mesa, Arizona 852121224_480-984-6497",465
-111.6840636,33.46678288,Starbucks - AZ - Mesa [WD]  00187,"Power & McDowell, Mesa_2832 North Power Road_Mesa, Arizona 85215_480-830-2876",465
-111.7538886,33.38021706,Starbucks - AZ - Mesa [WD]  00188,"Val Vista & Baseline, Mesa_1939 S Val Vista Dr_Mesa, Arizona 85204_480-892-3018",465
-111.755104,33.3937,Starbucks - AZ - Mesa [WD]  00189,"Val Vista & Southern, Mesa_3550 E. Southern Avenue_Mesa, Arizona 852045601_480-830-0152",465
-111.7874795,33.37902519,Starbucks - AZ - Mesa [W]  00190,"Baseline & Gilbert_2048 E. Baseline_Mesa, Arizona 85204_(480) 497-8544",465
-111.687991,33.37826704,Starbucks - AZ - Mesa [W]  00191,"Power & Baseline_2060 S. Power Rd._Mesa, Arizona 85208_480-218-0300",465
-111.874783,33.38388487,Starbucks - AZ - Mesa [W]  00192,"Dobson & Freeway_1653 Dobson Road_Mesa, Arizona 85202_480-775-0511",465
-111.861856,33.39311451,Starbucks - AZ - Mesa [W]  00193,"Southern & Longmore, Mesa_1457 W. Southern Avenue_Mesa, Arizona 85202_480-833-5593",465
-111.8054634,33.38418881,Starbucks - AZ - Mesa [W]  00194,"Stapley & the Freeway - Mesa, AZ._1641 S Stapley Rd_Mesa, Arizona 85204_480-633-6643",465
-110.9629869,32.4272998,Starbucks - AZ - Oro Valley  00195,"Safeway-Oro Valley #1521_12122 N Rancho Vistoso Blvd_Oro Valley, Arizona 85737",465
-110.939853,32.41179186,Starbucks - AZ - Oro Valley [W]  00196,"1st & Oracle, Oro Valley_10785 N. Oracle Road_Oro Valley, Arizona 85737_520-229-1979",465
-114.279904,34.154358,Starbucks - AZ - Parker  00197,"Safeway - Parker #2075_121 W Riverside Rd_Parker, Arizona 85344",465
-111.31757,34.24052,Starbucks - AZ - Payson  00198,"Safeway-Payson #1536_401 E Hwy 260_Payson, Arizona 85541",465
-112.2888222,33.56562937,Starbucks - AZ - Peoria  00199,"Safeway-Peoria #1662_10641 W Olive Ave_Peoria, Arizona 85345",465
-112.236554,33.68161278,Starbucks - AZ - Peoria  00200,"Albertsons-Peoria #991_8240 W Deer Valley Rd_Peoria, Arizona 853822125",465
-112.2220298,33.59583208,Starbucks - AZ - Peoria  00201,"Albertsons-Peoria #998_7575 W Cactus Rd_Peoria, Arizona 85381",465
-112.238329,33.67387,Starbucks - AZ - Peoria  00202,"Safeway-Peoria #1955_20713 N 83rd Ave_Peoria, Arizona 85382",465
-112.250954,33.63803903,Starbucks - AZ - Peoria [W]  00203,"91st & Bell, Peoria_8940 W. Bell Rd, Suite B-101_Peoria, Arizona 853824713_623-583-3543",465
-112.220411,33.61039102,Starbucks - AZ - Peoria [W]  00204,"75th Avenue & Thurderbird, Peoria_7518 W. Thunderbird Road_Peoria, Arizona 85381_623-979-5479",465
-111.9773444,33.67893289,Starbucks - AZ - Phoenix  00205,"Albertsons-Phoenix #1025_21001 North Tatum Blvd_Phoenix, Arizona 85050",465
-112.0309058,33.6540053,Starbucks - AZ - Phoenix  00206,"Albertsons-Phoenix #985_18411 N Cave Creek Rd_Phoenix, Arizona 85032_602-494-7388",465
-112.0710621,33.4468558,Starbucks - AZ - Phoenix  00207,"America West Arena_201 E Jefferson St_Phoenix, Arizona 85004_602-514-8565",465
-112.1272521,33.7983738,Starbucks - AZ - Phoenix  00208,"Albertsons-Phoenix #1004_3130 W Carefree Hwy_Phoenix, Arizona 85009",465
-111.965987,33.6852244,Starbucks - AZ - Phoenix  00209,"Marriott Desert Ridge - Lobby_5350 East Pathfinder Drive_Phoenix, Arizona 85054",465
-112.0693,33.4624,Starbucks - AZ - Phoenix  00210,"Phoenix Convention Center_111 NW 3rd Street_Phoenix, Arizona 85004",44
-112.07656,33.44834,Starbucks - AZ - Phoenix  00211,"Phoenix City Hall_200 W Washington St_Phoenix, Arizona 85003",44
-112.0548,33.3061,Starbucks - AZ - Phoenix  00212,"Safeway - Phoenix #1980_1334 East Chandler Blvd_Phoenix, Arizona 85048",44
-112.0686,33.4658,Starbucks - AZ - Phoenix  00213,"Safeway - Phoenix #2651_340 East McDowell Rd_Phoenix, Arizona 85004",44
-112.0147,33.6114,Starbucks - AZ - Phoenix  00214,"Safeway - Phoenix #1202_3131 East Thunderbird Rd_Phoenix, Arizona 85032",44
-112.014976,33.50986629,Starbucks - AZ - Phoenix  00215,"Safeway - Phoenix #2042_3132 E Camelback Road_Phoenix, Arizona 85016",44
-111.9970579,33.30504059,Starbucks - AZ - Phoenix  00216,"Safeway-Phoenix #1201_4005 East Chandler Boulevard_Phoenix, Arizona 85044",44
-111.9903477,33.75632629,Starbucks - AZ - Phoenix  00217,"Safeway-Phoenix #1543_29834 N Cave Creek Rd_Phoenix, Arizona 85331_480-563-9335",44
-111.9794966,33.49451344,Starbucks - AZ - Phoenix  00218,"Safeway - Phoenix #2716_4750 E Indian School Rd_Phoenix, Arizona 85018",44
-112.0815738,33.48751933,Starbucks - AZ - Phoenix  00219,"Safeway-Phoenix #174_520 W Osborn_Phoenix, Arizona 85013_602-274-7422",44
-112.0627498,33.53819933,Starbucks - AZ - Phoenix  00220,"Safeway-Phoenix #1515_810 E Glendale Ave_Phoenix, Arizona 85020_602-331-0134",44
-111.98146,33.34882,Starbucks - AZ - Phoenix  00221,"Safeway-Phoenix #752_4747 E Elliot Rd_Phoenix, Arizona 85044_480-496-0076",44
-112.0475,33.3904,Starbucks - AZ - Phoenix  00222,"Safeway-Phoenix #1591_6202 S 16th St_Phoenix, Arizona 85040",44
-112.0792,33.48043,Starbucks - AZ - Phoenix  00223,"St Joseph Hospital_350 W. Thomas Rd._Phoenix, Arizona 85013_604-406-4079",44
-111.977693,33.64060689,Starbucks - AZ - Phoenix  00224,"Safeway-Phoenix #413_550 E Bell Rd_Phoenix, Arizona 85032",44
-112.0784,33.4522,Starbucks - AZ - Phoenix  00225,"Target Phoenix SW T-2149_9830 W Lower Buckeye_Phoenix, Arizona 85003_623-687-2136",44
-111.98813,33.599728,Starbucks - AZ - Phoenix  00226,"Target Paradise Vall Phoenix  T-233_12602 N Paradise Village Pkwy_Phoenix, Arizona 85032",44
-112.2175287,33.47661835,Starbucks - AZ - Phoenix  00227,"Target Phoenix T-851_7409 W Virginia Ave_Phoenix, Arizona 85035",44
-112.0359959,33.3777377,Starbucks - AZ - Phoenix  00228,"Target S. Mountain Phoenix T-1905_2140 E. Baseline_Phoenix, Arizona 85040",44
-111.98479,33.4800915,Starbucks - AZ - Phoenix  00229,"Target Phoenix T-950_4515 E Thomas Rd_Phoenix, Arizona 85018_602-952-1797",44
-112.0081158,33.43494437,Starbucks - AZ - Phoenix [A]  00230,"PHX Airport_3400 Sky Harbor Blvd._Phoenix, Arizona 85034",44
-112.082479,33.515962,Starbucks - AZ - Phoenix [D]  00231,"7th Avenue & Missouri, Phoenix_5344 N. 7th Avenue_Phoenix, Arizona 850131903_602-265-4176",44
-112.0473477,33.52370909,Starbucks - AZ - Phoenix [WD]  00232,"16th Street & Bethany Home, Phoenix_1601 E. Bethany Home Road_Phoenix, Arizona 850162514_602-274-1024",44
-112.0109838,33.64059753,Starbucks - AZ - Phoenix [WD]  00233,"32nd Street & Bell Rd, Phoenix_3317 E. Bell Road_Phoenix, Arizona 850322708_602-867-7968",44
-112.0316793,33.3777377,Starbucks - AZ - Phoenix [WD]  00234,"24th St & Baseline, Phoenix_2340 E. Baseline Road_Phoenix, Arizona 850426952_602-304-0263",44
-112.070152,33.6402,Starbucks - AZ - Phoenix [WD]  00235,"3rd Street & Bell Rd, Phoenix_275 East Bell Road_Phoenix, Arizona 850226317_602-863-1564",44
-112.1469592,33.61082474,Starbucks - AZ - Phoenix [WD]  00236,"43rd Avenue & Thunderbird, Phoenix_4123 W. Thunderbird Road_Phoenix, Arizona 850535341_602-298-1262",44
-112.1301364,33.52396181,Starbucks - AZ - Phoenix [WD]  00237,"35th Ave & Bethany Home, Phoenix_3320 W. Bethany Home Road_Phoenix, Arizona 850171916_602-841-2163",44
-111.9956363,33.62643855,Starbucks - AZ - Phoenix [WD]  00238,"40th Street & Greenway, Phoenix_4010 E. Greenway Road_Phoenix, Arizona 850324749_602-494-3121",44
-111.9845919,33.30520451,Starbucks - AZ - Phoenix [WD]  00239,"46th & Chandler_4605 E. Chandler Blvd._Phoenix, Arizona 850480424_480-785-7795",44
-112.064999,33.517704,Starbucks - AZ - Phoenix [WD]  00240,"5557 N. 7th Street, Phoenix_5557 N. 7th Street_Phoenix, Arizona 850142502_602-279-1544",44
-112.220619,33.465897,Starbucks - AZ - Phoenix [WD]  00241,"75th Ave. & McDowell, Phoenix_1610 N. 75th Avenue_Phoenix, Arizona 850354539_623-247-0774",44
-112.255199,33.478552,Starbucks - AZ - Phoenix [WD]  00242,"91st. Avenue & Thomas, Phoenix_2815 N. 91st Avenue_Phoenix, Arizona 850374053_623-474-7163",44
-112.2731264,33.50830018,Starbucks - AZ - Phoenix [WD]  00243,"99th Avenue & Camelback, Phoenix_9925 W. Camelback Road_Phoenix, Arizona 850375006_623-872-6172",44
-111.9774476,33.67922567,Starbucks - AZ - Phoenix [WD]  00244,"Tatum & Rose Garden, Phoenix_21050 N. Tatum Blvd_Phoenix, Arizona 850504202_480-563-2085",44
-112.0464455,33.50921915,Starbucks - AZ - Phoenix [W]  00245,"16th & Camelback_1641 East Camelback Road_Phoenix, Arizona 85016_(602) 263-7434",44
-112.0984785,33.55299694,Starbucks - AZ - Phoenix [W]  00246,"19th & Northern - Phoenix_1820 W Northern_Phoenix, Arizona 85021_(602) 216-0299",44
-112.0305933,33.50927007,Starbucks - AZ - Phoenix [W]  00247,"24th St. & Camelback, Phoenix_2375 E Camelback Rd_Phoenix, Arizona 85016_602-381-3211",44
-112.0699078,33.45233361,Starbucks - AZ - Phoenix [W]  00248,"3rd & Van Buren St., Phoenix_455 N. 3rd Street_Phoenix, Arizona 850043925_602-258-8472",44
-112.121387,33.58185449,Starbucks - AZ - Phoenix [W]  00249,"31st & Peoria, Phoenix_2815 W. Peoria Avenue_Phoenix, Arizona 85029_602-943-4362",44
-111.987768,33.49473543,Starbucks - AZ - Phoenix [W]  00250,"44th & Indian School Road_4340 East Indian School Road_Phoenix, Arizona 850185333_602-778-0107",44
-111.9779393,33.79912281,Starbucks - AZ - Phoenix [W]  00251,"48th & Carefree Hwy, N. Phoenix_4815 E Carefree Hwy_Phoenix, Arizona 85331_480-575-7125",44
-112.080765,33.466037,Starbucks - AZ - Phoenix [W]  00252,"7th & McDowell_530 East McDowell Road_Phoenix, Arizona 85003_(602) 257-9602",44
-112.2029872,33.67081429,Starbucks - AZ - Phoenix [W]  00253,"67th & Beardsley_20249 N. 67th Ave._Phoenix, Arizona 85308_(623) 362-9288",44
-112.0651608,33.60684615,Starbucks - AZ - Phoenix [W]  00254,"7th & Thunderbird, Phoenix_13240 N 7th St_Phoenix, Arizona 850225309_602-938-1306",44
-112.0285988,33.50935886,Starbucks - AZ - Phoenix [W]  00255,"Esplanade_2425 East Camelback Road_Phoenix, Arizona 85016_(602) 381-8011",44
-111.9256816,33.52661192,Starbucks - AZ - Phoenix [W]  00256,"Hilton Village_6137 N. Scottsdale Rd._Phoenix, Arizona 85250_(480) 483-5698",44
-112.0724875,33.44932599,Starbucks - AZ - Phoenix [W]  00257,"Central & Adams (Crown Plaza)_100 North 1st Street_Phoenix, Arizona 85004_(602) 340-0455",44
-112.100029,33.71280288,Starbucks - AZ - Phoenix [W]  00258,"Happy Valley & I-17, Phoenix_2501 West Happy Valley Road_Phoenix, Arizona 85027_623-587-6499",44
-112.0736849,33.48396422,Starbucks - AZ - Phoenix [W]  00259,"Park Central Mall - Phoenix_3110 North Central_Phoenix, Arizona 85013_(602) 631-4409",44
-112.1057,33.677,Starbucks - AZ - Phoenix [W]  00260,"Loop 101 & Beardsley_3049 West Agua Fria Freeway_Phoenix, Arizona 85027_623-869-9744",44
-111.9839362,33.59980423,Starbucks - AZ - Phoenix [W]  00261,"Paradise Valley Mall_4550 E Cactus_Phoenix, Arizona 85032_(602) 765-3563",44
-111.9258318,33.62230287,Starbucks - AZ - Phoenix [W]  00262,"Scottsdale & Kierland, Phoenix_15054 N. Scottsdale Rd._Phoenix, Arizona 85254_480-443-3306",44
-111.9296431,33.65523804,Starbucks - AZ - Phoenix [W]  00263,"Scottsdale & Loop 101, Scottsdale_7000 E. Mayo Blvd., Bldg. #1_Phoenix, Arizona 85054_480-473-0743",44
-111.9773793,33.67736785,Starbucks - AZ - Phoenix [W]  00264,"Tatum & Loop 101, Phoenix_21001 N Tatum Blvd_Phoenix, Arizona 85050_480-502-4761",44
-111.9787931,33.64061119,Starbucks - AZ - Phoenix [W]  00265,"Tatum & Bell_4747 East Bell Rd._Phoenix, Arizona 85032_(602) 867-0662",44
-111.9778096,33.58299855,Starbucks - AZ - Phoenix [W]  00266,"Tatum & Shea_10625 North Tatum Boulevard_Phoenix, Arizona 85028_(480) 607-0102",44
-111.9778096,33.61096475,Starbucks - AZ - Phoenix [W]  00267,"Tatum & Thunderbird_13637 N. Tatum Blvd._Phoenix, Arizona 85032_(602) 404-2400",44
-112.4821283,34.55943317,Starbucks - AZ - Prescott  00268,"Safeway-Prescott #245_1044 Willow Creek Road_Prescott, Arizona 86301",44
-112.3307391,34.58534588,Starbucks - AZ - Prescott Valley  00269,"Safeway-Prescott Valley #1055_7720 E Hwy 69_Prescott Valley, Arizona 86314",44
-112.48826,34.56263,Starbucks - AZ - Prescott [D]  00270,"Iron Springs & Gail Gardner Way_1220 Gail Gardner Way_Prescott, Arizona 863051641_928-445-7023",44
-112.46997,34.546028,Starbucks - AZ - Prescott [W]  00271,"Montezuma & Sheldon, Prescott_351 N. Montezuma St._Prescott, Arizona 863013020_928-776-9797",44
-111.68596,33.23293,Starbucks - AZ - Queen Creek  00272,"Bashas' Queen Creek #46_23760 S Power Rd_Queen Creek, Arizona 85242",44
-111.6346988,33.2631914,Starbucks - AZ - Queen Creek  00273,"Safeway-Queen Creek #1819_18495 E Queen Creek Rd_Queen Creek, Arizona 85242",44
-110.9937,31.9555,Starbucks - AZ - Sahuarita  00274,"Safeway-Sahuarita #1771_1301 W Duval Mine Rd_Sahuarita, Arizona 85629",44
-111.8873665,33.62960993,Starbucks - AZ - Scottsdale  00275,"Albertsons-Scottsdale #969_15660 N Frank Lloyd Wright Blvd_Scottsdale, Arizona 85260_602-451-9825",44
-111.9260026,33.5095706,Starbucks - AZ - Scottsdale  00276,"Albertsons-Scottsdale #979_24442 N Scottsdale_Scottsdale, Arizona 85250",44
-111.83456,33.5895922,Starbucks - AZ - Scottsdale  00277,"Albertsons-Scottsdale #983_11475 E Via Linda_Scottsdale, Arizona 85259_602-767-0819",44
-111.97624,33.62586,Starbucks - AZ - Scottsdale  00278,"Safeway - Scottsdale #2088_4857 E Greenway Rd_Scottsdale, Arizona 85254_602-274-7422",44
-111.8386581,33.58770455,Starbucks - AZ - Scottsdale  00279,"Safeway-Scottsdale #1126_11275 E Via Linda_Scottsdale, Arizona 85259",44
-111.8742036,33.62030812,Starbucks - AZ - Scottsdale  00280,"Safeway-Scottsdale #1549_14696 N Frank Lloyd Wright Blvd_Scottsdale, Arizona 85260",44
-111.9402159,33.62532392,Starbucks - AZ - Scottsdale  00281,"Safeway-Scottsdale #1750_6501 E Greenway Pkwy #4_Scottsdale, Arizona 85254",44
-111.908011,33.4949,Starbucks - AZ - Scottsdale  00282,"Bashas' - Scottsdale #7_8035 E. Indian School Rd_Scottsdale, Arizona 85251",44
-111.9104844,33.50925641,Starbucks - AZ - Scottsdale  00283,"Safeway-Phoenix #1491_7920 E Chaparral Rd_Scottsdale, Arizona 85250",44
-111.8906495,33.67550663,Starbucks - AZ - Scottsdale  00284,"Safeway-Scottsdale #1663_20901 N Pima Rd_Scottsdale, Arizona 85255",44
-111.925735,33.58459,Starbucks - AZ - Scottsdale  00285,"Safeway-Scottsdale #2032_10773 N Scottsdale Rd_Scottsdale, Arizona 85254",44
-111.8786489,33.62535938,Starbucks - AZ - Scottsdale  00286,"Target North Scottsdale T-936_15444 N Frank Lloyd Wright Blvd_Scottsdale, Arizona 852602845",44
-111.9254028,33.6386133,Starbucks - AZ - Scottsdale  00287,"The Great Indoors-Phoenix_16275 N. Scottsdale Rd._Scottsdale, Arizona 85255_480-948-3776",44
-111.880491,33.58247141,Starbucks - AZ - Scottsdale [WD]  00288,"92nd & Shea, Scottsdale_9301 E. Shea Blvd._Scottsdale, Arizona 85258_480-661-8184",44
-111.895495,33.623804,Starbucks - AZ - Scottsdale [WD]  00289,"101 Freeway & Raintree_15227 N Northsight Blvd._Scottsdale, Arizona 852602602_480-607-3477",44
-111.9089886,33.48593131,Starbucks - AZ - Scottsdale [WD]  00290,"Hayden & Osborn, Scottsdale_3300 N. Hayden Road_Scottsdale, Arizona 852516627_480-946-2488",44
-111.8743663,33.62252143,Starbucks - AZ - Scottsdale [W]  00291,"Frank Lloyd Wright & Thompson Peak_15029 N. Thompson Peak Parkway_Scottsdale, Arizona 85260_480-767-0902",44
-111.8627072,33.5745052,Starbucks - AZ - Scottsdale [W]  00292,"Mountain View & Via Linda, Scottsda_10135 E. Via Linda_Scottsdale, Arizona 85258_480-391-0517",44
-111.9259138,33.78484088,Starbucks - AZ - Scottsdale [W]  00293,"Scottsdale & Ashler Hills, Scottsda_32421 N Scottsdale Road_Scottsdale, Arizona 85262_480-575-0360",44
-111.9255723,33.53869452,Starbucks - AZ - Scottsdale [W]  00294,"Scottsdale & Indian Bend_7001 North Scottsdale Road_Scottsdale, Arizona 85253_(480) 348-0056",44
-111.8885458,33.69834678,Starbucks - AZ - Scottsdale [W]  00295,"Pima & Pinnacle Peak, Scottsdale_8912 E. Pinnacle Peak Road_Scottsdale, Arizona 852553658_480-502-0265",44
-111.9253127,33.69990065,Starbucks - AZ - Scottsdale [W]  00296,"Scottsdale & Pinnacle Peak & Safeway_23535 N. Scottsdale Road_Scottsdale, Arizona 85255_(480) 515-9033",44
-111.9303876,33.50213935,Starbucks - AZ - Scottsdale [W]  00297,"Scottsdale Fashion Square_7014 E Camelback Road_Scottsdale, Arizona 85251_480-429-8995",44
-111.8873901,33.6294632,Starbucks - AZ - Scottsdale [W]  00298,"Scottsdale Town Center_15768 North Frank Lloyd Wright Blvd._Scottsdale, Arizona 85260_(480) 451-3391",44
-111.9260888,33.4942174,Starbucks - AZ - Scottsdale [W]  00299,"Scottsdale & Indian School_4032 N. Scottsdale Road_Scottsdale, Arizona 85251_480-947-4578",44
-111.9260845,33.47988318,Starbucks - AZ - Scottsdale [W]  00300,"Scottsdale & Thomas, Scottsdale_2865 N. Scottsdale Rd_Scottsdale, Arizona 852571326_480-947-5227",44
-111.8000812,34.86332434,Starbucks - AZ - Sedona  00301,"Safeway-Sedona #1207_2300 SR-89A_Sedona, Arizona 86336",44
-111.76359,34.8662,Starbucks - AZ - Sedona [W]  00302,"Hwy 89A & Hwy 179, Sedona_101 SR-89A_Sedona, Arizona 86336_928-204-5580",44
-110.0616819,34.23864889,Starbucks - AZ - Show Low  00303,"Safeway-Show Low #1733_900 W Deuce of Clubs_Show Low, Arizona 85901",44
-110.2759156,31.55462735,Starbucks - AZ - Sierra Vista  00304,"Safeway-Sierra Vista #2083_2190 E Fry Blvd_Sierra Vista, Arizona 85635",44
-110.1411,31.551,Starbucks - AZ - Sierra Vista  00305,"Target Sierra Vista T-735_4151 E Hwy 90_Sierra Vista, Arizona 85635_520-452-0035",44
-112.351061,33.656757,Starbucks - AZ - Sun City West  00306,"Safeway - Sun City West #2054_13503 Camino Del Sol_Sun City West, Arizona 85375",44
-112.2760361,33.63787912,Starbucks - AZ - Sun City [W]  00307,"99th Ave. & Bell, Sun City_10001 W. Bell Road_Sun City, Arizona 853511283_623-583-1459",44
-112.425426,33.63889681,Starbucks - AZ - Surprise  00308,"Albertsons-Surprise #1026_16750 W Bell Rd_Surprise, Arizona 85374",44
-112.3436755,33.63349072,Starbucks - AZ - Surprise  00309,"Safeway-Sun City West #1520_14505 W Grand Ave_Surprise, Arizona 85374",44
-112.35792,33.60932,Starbucks - AZ - Surprise  00310,"Safeway-Surprise #2699_13828 W Waddell Rd_Surprise, Arizona 85374_623-476-1810",44
-112.4319625,33.63881144,Starbucks - AZ - Surprise  00311,"Safeway-Surprise #1997_17049 W Bell Rd_Surprise, Arizona 85374",44
-112.390409,33.6388,Starbucks - AZ - Surprise [W]  00312,"Bell & Brookside, Surprise_15332 W. Bell Road_Surprise, Arizona 853742464_623-584-6593",44
-112.3551297,33.63864751,Starbucks - AZ - Surprise [W]  00313,"Bell & Grand, Surprise_13706 W. Bell Road_Surprise, Arizona 85374_623-584-6354",44
-111.9301883,33.36383659,Starbucks - AZ - Tempe  00314,"Albertsons-Tempe #940_750 E Guadalupe Rd_Tempe, Arizona 85283_480-820-8166",44
-111.9327098,33.41351082,Starbucks - AZ - Tempe  00315,"ASU/Tempe -  Memorial Union_2090 S Normal_Tempe, Arizona 85287_480-727-7480",44
-111.9318,33.4172,Starbucks - AZ - Tempe  00316,"ASU/Tempe -  Business College_College of Business 1st Floor_Tempe, Arizona 85287_480-727-0019",44
-111.9311116,33.41828512,Starbucks - AZ - Tempe  00317,"ASU/Tempe - Bookstore_525 E. Orange St._Tempe, Arizona 85287_480-727-0830",44
-111.9343286,33.42189146,Starbucks - AZ - Tempe  00318,"ASU/Tempe - Palo Verde East_340 E University Dr_Tempe, Arizona 85287_480-727-0462",44
-111.925518,33.407737,Starbucks - AZ - Tempe  00319,"Safeway-Tempe #1487_926 E Broadway_Tempe, Arizona 85282",44
-111.9140702,33.34918409,Starbucks - AZ - Tempe  00320,"Safeway-Tempe #1535_1515 E Elliott Rd_Tempe, Arizona 85284",44
-111.9512811,33.42184023,Starbucks - AZ - Tempe  00321,"University & Hardy, Tempe_871 W. University Drive_Tempe, Arizona 852813463_480-967-1692",44
-111.9552563,33.4412004,Starbucks - AZ - Tempe [WD]  00322,"Priest & Washington, Tempe_1158 W. Washington Street_Tempe, Arizona 852811200_602-225-0212",44
-111.9105527,33.36380411,Starbucks - AZ - Tempe [WD]  00323,"Guadalupe & McClintock_1817 E Guadalupe_Tempe, Arizona 85283_(480) 838-3989",44
-111.926499,33.450393,Starbucks - AZ - Tempe [WD]  00324,"Scottsdale & McKellips, Tempe_1926 N. Scottsdale Rd._Tempe, Arizona 852811517_480-941-6046",44
-111.9670042,33.38474206,Starbucks - AZ - Tempe [W]  00325,"Arizona Mills_5000 Arizona Mills Circle_Tempe, Arizona 85282_(480) 897-4804",44
-111.9648527,33.34907823,Starbucks - AZ - Tempe [W]  00326,"Elliot & Priest, Tempe_1620 W. Elliot Road_Tempe, Arizona 852841024_480-756-8750",44
-111.9090705,33.39388768,Starbucks - AZ - Tempe [W]  00327,"McClintock & Southern, Tempe_3223 S. McClintock Drive_Tempe, Arizona 852825603_480-831-6042",44
-111.9400045,33.42616374,Starbucks - AZ - Tempe [W]  00328,"Mill & 5th Avenue_420 S. Mill Avenue_Tempe, Arizona 85281_(480) 966-7228",44
-111.9286663,33.37850268,Starbucks - AZ - Tempe [W]  00329,"Rural & Baseline - Tempe_5158 South Rural Road_Tempe, Arizona 85282_(480) 897-8335",44
-112.2723273,33.41015719,Starbucks - AZ - Tolleson [WD]  00330,"99th Ave & Lower Buckeye, Tucson_2735 S. 99th Avenue_Tolleson, Arizona 853531403_623-936-3136",44
-111.0061229,32.23940075,Starbucks - AZ - Tucson  00331,"Albertsons-Tucson #972_1350 N. Silverbell Rd._Tucson, Arizona 85745",44
-110.9952047,32.29932614,Starbucks - AZ - Tucson  00332,"Albertsons-Tucson #988_5085 N La Canada Drive_Tucson, Arizona 85704_520-696-0325",44
-111.0119935,32.30506674,Starbucks - AZ - Tucson  00333,"Bashas' W River Rd Tucson  #160_2000 W River Rd_Tucson, Arizona 85704",44
-110.8767,32.182236,Starbucks - AZ - Tucson  00334,"Davis Monthan AFB_5405 E Granite St, Bldg 2527_Tucson, Arizona 85708",44
-110.9432,32.221264,Starbucks - AZ - Tucson  00335,"Safeway - Tucson #1684_1940 EAST BROADWAY ROAD_Tucson, Arizona 85719",44
-110.7974,32.2578,Starbucks - AZ - Tucson  00336,"Safeway - Tucson #1984_9125 East Tanque Verde_Tucson, Arizona 85749",44
-110.805565,32.220764,Starbucks - AZ - Tucson  00337,"Safeway - Tucson #234_8740 E Broadway_Tucson, Arizona 85710",44
-111.00871,32.1339,Starbucks - AZ - Tucson  00338,"Safeway - Tucson #267_2040 West Valencia_Tucson, Arizona 85746_520-578-0144",44
-110.9774191,32.33538253,Starbucks - AZ - Tucson  00339,"Safeway-Tucson #1255_7110 N Oracle Rd_Tucson, Arizona 85704_520-575-0949",44
-110.799695,32.119,Starbucks - AZ - Tucson  00340,"Safeway-Tucson #1986_9050 E Valencia Rd_Tucson, Arizona 85747",44
-110.8913519,32.30839304,Starbucks - AZ - Tucson  00341,"Safeway-Tucson #250_4752 E Sunrise Dr_Tucson, Arizona 857184535_520-299-3534",44
-111.0399153,32.20708767,Starbucks - AZ - Tucson  00342,"Starr Pass Marriott Resort & Spa_3800 W Starr Pass Blvd_Tucson, Arizona 85745",44
-110.7870344,32.2066198,Starbucks - AZ - Tucson  00343,"Target Tucson T-1863_9615 E. Old Spanish Trail_Tucson, Arizona 85748",44
-110.9137549,32.22158475,Starbucks - AZ - Tucson  00344,"Target Tucson El Con Mall T-1439_3699 E. Broadway Blvd_Tucson, Arizona 85716",44
-111.0490882,32.3374794,Starbucks - AZ - Tucson  00345,"Target Tucson T-854_3901 W Ina Rd_Tucson, Arizona 65741",44
-110.944887,32.221421,Starbucks - AZ - Tucson [D]  00346,"Broadway & Campbell, Tucson_1821 E. Broadway Blvd._Tucson, Arizona 857195932_520-622-8116",44
-110.919687,32.2217,Starbucks - AZ - Tucson [D]  00347,"Broadway & Randolph, Tucson_3421 E. Broadway Blvd_Tucson, Arizona 857165410_520-323-4512",44
-110.8371748,32.22095979,Starbucks - AZ - Tucson [WD]  00348,"Broadway Bl & Kolb Rd, Tucson_7288 E. Broadway Blvd._Tucson, Arizona 857101407_520-721-7136",44
-111.1571,32.3301,Starbucks - AZ - Tucson [WD]  00349,"Cortaro & I-10, Tucson_5970 W. Arizona Pavilions Drive_Tucson, Arizona 857437314_520-744-3418",44
-110.9776652,32.33618072,Starbucks - AZ - Tucson [WD]  00350,"Ina & Oracle_7151 N Oracle_Tucson, Arizona 85704_520-219-4880",44
-110.9912844,32.16325493,Starbucks - AZ - Tucson [WD]  00351,"Irvington & I-19, Tucson_1209 W. Irvington Road_Tucson, Arizona 857141167_520-295-3920",44
-110.8584782,32.23603401,Starbucks - AZ - Tucson [WD]  00352,"Speedway & Wilmot, Tucson_6291 E. Speedway Blvd_Tucson, Arizona 857125128_520-546-7771",44
-110.7891449,32.2075692,Starbucks - AZ - Tucson [W]  00353,"22nd & Harrison, Tucson_9525 E. Old Spanish Trail_Tucson, Arizona 857486630_520-721-7221",44
-110.8434517,32.20636026,Starbucks - AZ - Tucson [W]  00354,"22nd Street & Kolb, Tucson_6970 E. 22nd Street_Tucson, Arizona 857105121_520-584-1384",44
-110.7726841,32.22008894,Starbucks - AZ - Tucson [W]  00355,"Broadway & Houghton, Tucson_50 South Houghton Road_Tucson, Arizona 85748_520-298-0408",44
-110.8903829,32.25070669,Starbucks - AZ - Tucson [W]  00356,"Grant & Swan_4811 E Grant_Tucson, Arizona 85712_(520) 325-8669",44
-110.9654,32.2866,Starbucks - AZ - Tucson [W]  00357,"First & Wetmore, Tucson_405 E. Wetmore Road_Tucson, Arizona 857051700_520-293-7086",44
-111.0130385,32.33518446,Starbucks - AZ - Tucson [W]  00358,"La Cholla & Ina, Tucson_7555 N. La Cholla Blvd._Tucson, Arizona 857412303_520-219-9338",44
-110.8663807,32.22149254,Starbucks - AZ - Tucson [W]  00359,"Park Place - Tucson_5870 East Broadway Blvd._Tucson, Arizona 857113916_520-514-1945",44
-110.9448869,32.28723994,Starbucks - AZ - Tucson [W]  00360,"River & Campbell, Tucson_1825 E. River Road, Suite 119_Tucson, Arizona 85718_520-232-0105",44
-110.9726828,32.29661113,Starbucks - AZ - Tucson [W]  00361,"River Road & Stoneloop_98 West River Road_Tucson, Arizona 85704_(520) 408-2292",44
-110.9293345,32.32203293,Starbucks - AZ - Tucson [W]  00362,"Skyline & Campbell, Tucson_6370 N. Campbell Avenue_Tucson, Arizona 857183175_520-529-9211",44
-110.9276,32.2362,Starbucks - AZ - Tucson [W]  00363,"Speedway & Country Club, Tucson_3025 E. Speedway Blvd._Tucson, Arizona 857163826_520-320-1760",44
-110.8924853,32.30835655,Starbucks - AZ - Tucson [W]  00364,"Sunrise & Swan - Tucson_4700 East Sunrise Drive_Tucson, Arizona 85718_520-615-0881",44
-110.9440335,32.23218991,Starbucks - AZ - Tucson [W]  00365,"University of Arizona_802-804 E. University Blvd._Tucson, Arizona 85719_(520) 620-9344",44
-109.84124,32.261646,Starbucks - AZ - WILLCOX  00366,"Safeway - Willcox #272_650 N BISBEE AVE_WILLCOX, Arizona 85643",44
-112.76857,33.962063,Starbucks - AZ - Wickenburg  00367,"Safeway - Wickenburg #1584_1999 W Wickenburg Way_Wickenburg, Arizona 85390",44
-112.1942,35.2485,Starbucks - AZ - Williams  00368,"Safeway - Williams #1639_637 W Route 66_Williams, Arizona 86046",44
-114.6484345,32.68396897,Starbucks - AZ - Yuma  00369,"Albertsons-Yuma #0931 (951)_2378 W 24th St_Yuma, Arizona 85364",44
-114.60354,32.70183,Starbucks - AZ - Yuma  00370,"16th Street & I-8, Yuma_1418 S. Yuma Palms Parkway_Yuma, Arizona 85365_928-782-7854",44
